filename,width,height,class,xmin,ymin,xmax,ymax
IMG-20180108-WA0091_jpg.rf.065b1ea5964f7070fa79a9100b209faf.jpg,200,200,license-plat,69,120,89,138
355-E-6547-PAF-09-21_jpeg.rf.0846ff99896ddf2cade7e626b9cb72a8.jpg,200,200,license-plat,0,0,199,197
144-E-3063-RS-07-22_jpeg.rf.0dfb9f9c7c810ba64b4dc2d55e816017.jpg,200,200,license-plat,5,2,198,198
298-E-5944-TK-04-22_jpeg.rf.0bafb8f50083d4d9dd51a3d10897abe4.jpg,200,200,license-plat,0,0,200,199
247-E-2148-RI-01-16_jpg.rf.1047cfa1c8d7c4100340f357346f101c.jpg,200,200,license-plat,0,0,200,200
IMG-20180108-WA0090_jpg.rf.0da63f44a8afa84d138d1102ca45d14d.jpg,200,200,license-plat,68,110,88,130
20171212_073402_jpg.rf.11965a0c661a920da84a05e746f41509.jpg,200,200,license-plat,0,15,200,199
348-E-4160TQ-10-17_jpeg.rf.0a208084916ca3da28c064e285750934.jpg,200,200,license-plat,0,0,200,200
275-E-4986-SO-10-20_jpg.rf.0667d03ea7b5d37bffe1eb4075e024f7.jpg,200,200,license-plat,0,0,200,200
148-E-3052-QU-06-20_jpg.rf.0892cc12d972e9d2a5bbdcab470e7cfb.jpg,200,200,license-plat,1,6,200,198
20171211_155025_jpg.rf.10b16af0c6498ed92a99280630a54289.jpg,200,200,license-plat,0,3,200,200
IMG-20180108-WA0053_jpg.rf.0d8fed4ba16e1355ff672e7906e03278.jpg,200,200,license-plat,70,131,96,157
283-E-2870-QAA-10-22_jpeg.rf.03f84127389d8baaa3cc9a5851e29c39.jpg,200,200,license-plat,0,0,200,199
IMG_20230519_082701_jpg.rf.097093345c9a718eef13f4e6fa50c2fb.jpg,200,200,license-plat,78,99,122,108
188-E-2647-SL-01-20_jpeg.rf.0b2c924553ed23d519484752192b0380.jpg,200,200,license-plat,0,0,200,200
321-E-3255-TN-12-20_jpg.rf.0a0460c6d8f1559ff73f6ed2bbe2f094.jpg,200,200,license-plat,0,0,200,198
6-E-3237-QY-11-20_jpeg.rf.04c8577aa34b0b2d57e6f1a28b920758.jpg,200,200,license-plat,0,0,200,199
158-E-5737-PAB-03-21_jpeg.rf.006ad548babe2293a4869eba9d06eacd.jpg,200,200,license-plat,10,3,191,200
license-21-_jpg.rf.0915233e87587ac8c6d7c8ff557f624a.jpg,200,200,license-plat,9,0,200,190
IMG-20180108-WA0081_jpg.rf.09379ce10b33f3566087477bfafa4355.jpg,200,200,license-plat,126,78,144,94
IMG_20230519_082756_jpg.rf.1132b091ffd38f61335dbecbd3682419.jpg,200,200,license-plat,89,66,147,80

IMG-20180108-WA0077_jpg.rf.066f42eaa5fcb2ddbef8c908542c57c2.jpg,200,200,license-plat,28,94,47,118
IMG-20180108-WA0116_jpg.rf.023e276ca5303060985e3a7e25ac972d.jpg,200,200,license-plat,66,122,94,144
20171212_142228_jpg.rf.01c953a8e1c4a1d43f00c6f164d15f5d.jpg,200,200,license-plat,0,1,200,195
184-E-6595-TO-10-22_jpeg.rf.146916a4dd60868d3fa76b11c8d43270.jpg,200,200,license-plat,0,1,200,199
IMG_20230519_082634_jpg.rf.11d6d3b5694356305d065a0e4327e21d.jpg,200,200,license-plat,76,70,116,83
IMG-20180108-WA0079_jpg.rf.15eb7c5edb87e7a6968dc4791c6082e7.jpg,200,200,license-plat,113,97,130,114
180-E-3646-RL-05-20_jpeg.rf.1724d1b6dd7e4b3074061795ccbe5a41.jpg,200,200,license-plat,0,0,200,200
IMG-20180108-WA0042_jpg.rf.13eda8c5237d2266ed16522806d658c9.jpg,200,200,license-plat,59,95,78,112
108-E-5860-ST-03-21_jpeg.rf.148839bd7e6441a45c98defb48476698.jpg,200,200,license-plat,11,30,186,178
10-E-5894-SZ-09-17_jpg.rf.1260b9b4cb1f74a885b9473fa361ad25.jpg,200,200,license-plat,1,3,200,200
IMG-20180108-WA0065_jpg.rf.17ba113193959c8b78a77f30cfa91aa1.jpg,200,200,license-plat,96,86,119,109
53-E-3288-QU-06-20_jpg.rf.15d9cb1d3fec85bbb9d86485de015fcd.jpg,200,200,license-plat,0,0,200,200

IMG-20180108-WA0017_jpg.rf.18409f68cf4ebbc147bae16727cd6ff6.jpg,200,200,license-plat,42,113,68,134
124-E-4564-RRR-11-21_jpg.rf.17b5bc27fa64be72ea608a52e76b767e.jpg,200,200,license-plat,8,3,191,184
18-E-3865-PAF-08-21_jpeg.rf.1889777e64623190e0f6546f5e061a32.jpg,200,200,license-plat,0,0,200,200
license-40-_jpg.rf.1a3e12b0f1aafcfac84e3930bb68bb88.jpg,200,200,license-plat,38,51,200,152
IMG-20180108-WA0055_jpg.rf.1a911a3d2f0702cb8d6e7e861fa72cbd.jpg,200,200,license-plat,44,134,56,144
164-E-3543-PAG-09-21_jpg.rf.1aff546a9c9fe5bfa09338655160ea8c.jpg,200,200,license-plat,4,0,199,200
350-E-3577-PAI-12-21_jpg.rf.1aa2007bdff3085e0998a23415d03137.jpg,200,200,license-plat,0,2,200,200
license-14-_jpg.rf.1b5ebd43f4f048485fb41531f93dcc1a.jpg,200,200,license-plat,10,42,180,131
20171212_142243_jpg.rf.1c595b48864b55e02b4fa9283024289a.jpg,200,200,license-plat,0,1,200,196
140-E-5997-QP-01-20_jpeg.rf.1f27babfa6b7ada98d1f1835a2436c59.jpg,200,200,license-plat,7,10,200,182
-64-_jpeg.rf.20ebaf066c332e32c39ff3d2352281c1.jpg,200,200,1,77,52,90,114
-64-_jpeg.rf.20ebaf066c332e32c39ff3d2352281c1.jpg,200,200,X,167,35,188,103
299-E-5051-SD-03-18_jpeg.rf.1e97cb1e9c6bbf57d38330856a882706.jpg,200,200,license-plat,1,0,200,200
327-E-5071-SS-01-21_jpg.rf.1b3c137f5083a2802bd8acfe32412856.jpg,200,200,license-plat,0,0,200,200
277-E-6802-PAH-11-21_jpg.rf.21ce075856286bb32d92ddcb8065c48d.jpg,200,200,license-plat,0,0,200,200
42-E-3690-SE-09-21_jpg.rf.1c90781980fddd82756b62eecee1b806.jpg,200,200,license-plat,1,0,200,200
276-E-2810-PAD-05-21_jpeg.rf.230c6abf34ddcf6e33286e113ae1f4c4.jpg,200,200,license-plat,0,0,200,200
IMG-20180108-WA0062_jpg.rf.22b5d66f860562c5078fef27a985bdf3.jpg,200,200,license-plat,29,91,46,110
license-7-_jpg.rf.23fb383613b6239ef9f4d32320ae0cf8.jpg,200,200,license-plat,28,47,162,153
306-E-3270-SJ-08-22_jpeg.rf.232fe610179b5f37878fb1fccb9dc539.jpg,200,200,license-plat,0,0,200,200
31-E-5235-RO-11-16_jpg.rf.22924a7ad168ce0cd43416b62cbbeda1.jpg,200,200,license-plat,0,0,198,195
31-E-5235-RO-11-16_jpg.rf.22924a7ad168ce0cd43416b62cbbeda1.jpg,200,200,license-plat,0,0,198,194
8-E-3396-TO-08-22_jpeg.rf.25726ab4125b7daab44139e42a7b26d5.jpg,200,200,license-plat,0,0,200,199
IMG_20230519_082641_jpg.rf.257d9646b781acc5299d9f34ea697f0f.jpg,200,200,license-plat,60,80,124,97
197-E-6375-OC-06-22_jpg.rf.266248ba608e0f0d25773a1379882064.jpg,200,200,license-plat,5,2,197,200
IMG_20230519_082720_jpg.rf.267d88f08c1ccb7d17083a971eff55c1.jpg,200,200,license-plat,91,81,121,89
328-E-1992-RN-04-22_jpeg.rf.27e666d08b307b0cc8c22764b8be92be.jpg,200,200,license-plat,0,0,200,200
75-E-2956-RP-03-22_jpeg.rf.23e95ba8469672a02debcb4015850427.jpg,200,200,license-plat,0,0,200,200
340-E-4235-RP-01-22_jpeg.rf.2798296fa944469dee8c43a4c806ae9c.jpg,200,200,license-plat,0,0,200,199
338-E-3851-PAI-12-21_jpeg.rf.2717032a6857a0aef1cf5fbdd347f8d7.jpg,200,200,license-plat,1,0,199,200
IMG-20180108-WA0073_jpg.rf.287737be0bcfdf54e9e4a0e7416688e6.jpg,200,200,license-plat,130,60,153,89
73-E-5043-PAL-04-22_jpeg.rf.2a9a4c5a07732a0054764441301dc71a.jpg,200,200,license-plat,1,0,200,200
IMG_20230519_082913_jpg.rf.29f96ad9597266eed03ccf1d3b991e50.jpg,200,200,license-plat,67,72,123,86


264-E-2458-SV-05-16_jpeg.rf.27821b7ab80786c7c8b2edc1ee3a872f.jpg,200,200,license-plat,0,0,200,200
IMG-20180108-WA0020_jpg.rf.2c2cb45c14a58f8b53646fb95ceac0e1.jpg,200,200,license-plat,88,106,140,117
318-E-5827-QT-06-20_jpg.rf.28c058e5c662ced4828158b744f4a2d8.jpg,200,200,license-plat,0,0,200,200
IMG-20180108-WA0107_jpg.rf.2ac49876220fa59aa4ee598297d74a1f.jpg,200,200,license-plat,113,164,139,198
205-E-5880-RF-10-18_jpeg.rf.2c8b67542ccbf76baeb249dd0a31f641.jpg,200,200,license-plat,0,0,200,200
198-E-3040-SI-09-19_jpeg.rf.309df011e103e3f5dc1fe31875b990e0.jpg,200,200,license-plat,0,0,200,200
149-E-4217-TT-01-18_jpeg.rf.2ba544d7f476b42b6f7bdd2e5cb8ca4a.jpg,200,200,license-plat,1,14,199,184
20171212_141203_jpg.rf.30d3e98f9f2628aad73e915dcc45c9aa.jpg,200,200,license-plat,1,1,200,200
license-49-_jpg.rf.2d297ea52c21d4371d5563d5a72c0c03.jpg,200,200,license-plat,80,123,117,149
200-E-6978-OW-09-20_jpg.rf.30e0e868611f3aca8110b176f633bade.jpg,200,200,license-plat,2,2,200,200
IMG-20180108-WA0059_jpg.rf.2f077dc0df162a5240e4760acc25394e.jpg,200,200,license-plat,105,68,130,97
32-E-3932-SL-02-15_jpeg.rf.32c2aaf48cde5cdde40a1ccb0e0bafbe.jpg,200,200,license-plat,0,0,200,199
285-E-5515-QT-06-20_jpeg.rf.30caa3d77f389ae644d1961338706088.jpg,200,200,license-plat,0,0,199,200
157-E-6735-QV-08-20_jpeg.rf.2d82350dcdfc378437c341b98dfdc2ed.jpg,200,200,license-plat,2,0,200,199
20171212_124349_jpg.rf.33ace384d1d04598a5834cd4b610f8b7.jpg,200,200,license-plat,0,0,200,200
162-E-4539-RC-11-20_jpg.rf.34ad0e80e1565e12410f655d8bd05391.jpg,200,200,license-plat,9,24,197,177
license-12-_jpg.rf.32d48852576deadf10b2b342dd307c77.jpg,200,200,license-plat,23,70,179,139
312-E-3212-OL-08-19_jpg.rf.313caa37a1901504d645cd79da182958.jpg,200,200,license-plat,0,0,200,200
206-E-2253-RB-01-21_jpg.rf.33ce7e9e0f0d179718eb0f7d4b7ec82c.jpg,200,200,license-plat,0,1,200,200
259-E-3154-QO-11-19_jpeg.rf.34d951ff2cd9dd3d264c494d53d57e8d.jpg,200,200,license-plat,0,0,200,200
IMG-20180108-WA0112_jpg.rf.34deb06ba2994d9acce4b8a522a06374.jpg,200,200,license-plat,111,113,129,135
IMG-20180108-WA0112_jpg.rf.34deb06ba2994d9acce4b8a522a06374.jpg,200,200,license-plat,42,107,62,131
111-E-6810-IX-05-20_jpg.rf.333e9ffc3ae3454b47c66acc0901159c.jpg,200,200,license-plat,3,0,200,197

IMG-20180108-WA0037_jpg.rf.3548f68ff20f3a5e643b480d95a6c581.jpg,200,200,license-plat,8,109,32,123
323-E-4886-TM-06-22_jpeg.rf.36426c2700615cfed17211c18e610914.jpg,200,200,license-plat,0,0,200,199
337-E-3955-PAK-02-22_jpeg.rf.350eb3764f90363167e850bf8fa66682.jpg,200,200,license-plat,0,0,200,200
IMG_20230519_082825_jpg.rf.37b66f1a383e8fcafa9ed57826d32f68.jpg,200,200,license-plat,49,79,113,108
265-E-3984-TZ-07-21_jpg.rf.372c36898d9399aa43eba86757cf1980.jpg,200,200,license-plat,0,2,200,200
84-E-6545-SN-06-21_jpeg.rf.36a05687edaad6fb7efb082f548deb57.jpg,200,200,license-plat,0,0,200,200
335-E-3405-PAH-10-21_jpeg.rf.3887e71a622773cf5ef24a7df9cf9da0.jpg,200,200,license-plat,0,0,199,197
239-E-6326-TQ-04-19_jpg.rf.315cda95cb34cb99601d59972d69e111.jpg,200,200,license-plat,2,0,198,197
IMG_20230519_082624_jpg.rf.3bbf4ee7c93a499038da2b42c4fd4729.jpg,200,200,license-plat,52,24,158,55
97-E-6457-CA-11-21_jpg.rf.3a190688368d08fe8f6809e01b0bcf4d.jpg,200,200,license-plat,0,0,200,200
20171211_160452_jpg.rf.3cdaaded7bb65975f560b3b7ee3fa11c.jpg,200,200,license-plat,1,2,200,189
199-E-5314-QR-03-20_jpeg.rf.3afba1df68a40a2bbdf56cd8283f7f96.jpg,200,200,license-plat,0,2,200,200
363-E-6263-RU-07-20_jpg.rf.3dd4286e2964d17d23d991d953e8a6a8.jpg,200,200,license-plat,0,0,200,200
IMG-20180108-WA0097_jpg.rf.3a3c043715125bd4747e4d8049082882.jpg,200,200,license-plat,45,129,72,144
IMG-20180108-WA0097_jpg.rf.3a3c043715125bd4747e4d8049082882.jpg,200,200,license-plat,144,120,166,136
IMG-20180108-WA0106_jpg.rf.36fd1073d5c5846e3abaa2a8949c5a00.jpg,200,200,license-plat,50,74,77,100
IMG-20180108-WA0106_jpg.rf.36fd1073d5c5846e3abaa2a8949c5a00.jpg,200,200,license-plat,116,78,143,103
IMG-20180108-WA0058_jpg.rf.3d555d94a66c2b8023fbde52590549cd.jpg,200,200,license-plat,135,63,156,87
IMG-20180108-WA0058_jpg.rf.3d555d94a66c2b8023fbde52590549cd.jpg,200,200,license-plat,47,69,69,93
IMG_20230519_082737_jpg.rf.3f0132af117cccf857f18a180a614e40.jpg,200,200,license-plat,87,77,148,92
20171211_154939_jpg.rf.3e0641ed51d1489a7804dd6aa4d33ed0.jpg,200,200,license-plat,1,1,200,184
52-E-3765-QO-12-19_jpg.rf.377e2b9c078e740e4f29f1a24b1fcec2.jpg,200,200,license-plat,0,0,200,200
261-E-4991-TP-09-17_jpg.rf.3f2b127a0c11af54f530407855422bc8.jpg,200,200,license-plat,0,0,200,200
334-E-5195-PL-04-20_jpeg.rf.42e53229742d79491e1676c57a9602b0.jpg,200,200,license-plat,0,0,200,200
107-E-4145-QZ-12-20_jpeg.rf.42c86d315481192df0724b3e0cce6352.jpg,200,200,license-plat,1,2,200,200
260-E-4250-SU-04-21_jpeg.rf.4289851831a8e465eec902a95a9dfa59.jpg,200,200,license-plat,0,0,200,200
345-E-2047-SF-05-19_jpeg.rf.420ceb961f9c3ffc2b2ac77efc4b7b6a.jpg,200,200,license-plat,0,0,200,200
152-E-3772-SV-05-16_jpeg.rf.434ef67504d99cd8d3e0d6aadfb9306f.jpg,200,200,license-plat,1,3,200,200
356-E-6225-SJ-11-19_jpeg.rf.47219efe4a48dc2dca39598bf38d2324.jpg,200,200,license-plat,0,0,200,200
20171214_121617_jpg.rf.469812de4657bb2c73a2c42652a9af59.jpg,200,200,license-plat,1,0,200,200
license-37-_jpg.rf.43f995594d9a258126c35215f9b1f290.jpg,200,200,license-plat,21,51,200,200
48-E-6073-OL-09-19_jpg.rf.465150bbf93f51f636fb60e70140f593.jpg,200,200,license-plat,0,0,199,195
137-E-4958-QS-05-20_jpg.rf.48c077b9af8be0ce3ed6294b7067322f.jpg,200,200,license-plat,4,15,196,193
284-E-5676-TD-02-18_jpg.rf.42d26416091b02b83ff56b46c134b1e6.jpg,200,200,license-plat,0,0,200,200
151-E-5090-TW-05-18_jpg.rf.4748a7e732ff33b43c62b22e69c5d6ea.jpg,200,200,license-plat,7,20,199,182
IMG-20180108-WA0098_jpg.rf.4970660063287b77df33abc84691f03e.jpg,200,200,license-plat,113,129,145,163
308-E-5024-SO-09-20_jpg.rf.409ebefb9ed2b318679f414b8c5c8c36.jpg,200,200,license-plat,0,1,200,200
license-11-_jpg.rf.4a8bacae0f1bb02b3ea4be085bde471a.jpg,200,200,license-plat,30,65,111,155
-97-_jpeg.rf.4a20842ff1e92403086907f4cfdd2eda.jpg,200,200,1,67,15,81,107
-97-_jpeg.rf.4a20842ff1e92403086907f4cfdd2eda.jpg,200,200,I,155,17,169,108
187-E-6737-SS-01-21_jpeg.rf.4b5bc92c41213ae4565d71ecb0bba227.jpg,200,200,license-plat,0,1,200,200
IMG-20180108-WA0027_jpg.rf.4daa10ce5589872919d32160eb9ee2f5.jpg,200,200,license-plat,64,110,95,137
14-E-1129-RP-07-18_jpg.rf.4bfd5bec318fc78d77073064e5229ede.jpg,200,200,license-plat,1,2,199,200
20171211_110642_jpg.rf.53fa13ec55e0dce5b6042242ebb6a3ca.jpg,200,200,license-plat,0,0,200,199
IMG-20180108-WA0026_jpg.rf.527c2f049821593da9082ecbe2f3df04.jpg,200,200,license-plat,43,110,66,129
IMG-20180108-WA0026_jpg.rf.527c2f049821593da9082ecbe2f3df04.jpg,200,200,license-plat,147,124,171,139
47-E-4240-RY-06-19_jpeg.rf.4da241ee3943fbde7bcea76a1384d167.jpg,200,200,license-plat,0,0,200,200
IMG-20180108-WA0119_jpg.rf.43f57a3d038b0fa9eff372f3efb6c426.jpg,200,200,license-plat,55,112,74,125
IMG-20180108-WA0119_jpg.rf.43f57a3d038b0fa9eff372f3efb6c426.jpg,200,200,license-plat,132,94,150,107
41-E-2648-QI-05-19_jpg.rf.54d1a9dc5e3d73cbf133f712cd6428a3.jpg,200,200,license-plat,0,0,200,199
license-13-_jpg.rf.56d783bd2f5cdca4d25e01daa4133e87.jpg,200,200,license-plat,32,63,162,124
license-42-_jpg.rf.571896e931b6aba63ceb97cdab85ba71.jpg,200,200,license-plat,11,64,145,150
5-E-6862-QT-06-20_jpg.rf.4e5d6c6451ee6b764e0627083c81e89d.jpg,200,200,license-plat,0,0,200,200
IMG-20180108-WA0021_jpg.rf.577463d14ab6e043e23305e18b147b52.jpg,200,200,license-plat,118,111,155,136
136-E-3916-P-05-21_jpg.rf.581874874462a46bd6080c95ca4659a9.jpg,200,200,license-plat,2,2,200,198
271-E-2381-PAH-10-21_jpeg.rf.588043306534dff89ab52d95c959529d.jpg,200,200,license-plat,1,3,200,199
271-E-2381-PAH-10-21_jpeg.rf.588043306534dff89ab52d95c959529d.jpg,200,200,license-plat,0,0,200,199
329-E-5078-QF-02-19_jpeg.rf.56b25dd80aefae43e2fe21667d8d54b2.jpg,200,200,license-plat,0,0,200,200
IMG-20180108-WA0045_jpg.rf.5333ebea7e688689609d53350bb2741a.jpg,200,200,license-plat,130,102,155,129
60-E-1707-PH-03-15_jpeg.rf.56ce6913e550bb1e08dc01e33a7a48e7.jpg,200,200,license-plat,1,0,199,200
35-E-5026-SF-06-18_jpeg.rf.5c3b76b5861969c3559240da9db8a317.jpg,200,200,license-plat,0,0,200,200
23-E-2694-SI-09-19_jpg.rf.5ce1b72a5c8562165c29d90136aee1b0.jpg,200,200,license-plat,0,0,200,200
IMG-20180108-WA0047_jpg.rf.5bfa72fba89d21e84b3e57032b2650df.jpg,200,200,license-plat,61,102,87,127
license-46-_jpg.rf.5f05552e51ad8c472f4b6d1cb67230dc.jpg,200,200,license-plat,1,5,194,173
195-E-2110-QP-12-19_jpeg.rf.5e5cc88831ffb1a37ad6271bea89ed62.jpg,200,200,license-plat,0,0,200,200
license-48-_jpg.rf.552d360874dfbc7c41a798d64b7a9cee.jpg,200,200,license-plat,14,47,191,149
304-E-5381-PAB-03-21_jpeg.rf.6183357497fa2daac7b532e3d14dcd54.jpg,200,200,license-plat,0,0,200,200
57-E-5893-SH-05-20_jpg.rf.607c1e0cfcab687464c80224b876580c.jpg,200,200,license-plat,1,1,200,200
license-41-_jpg.rf.61dbb95dfb92ae7476bea4c4185ffca2.jpg,200,200,license-plat,57,93,100,125
155-E-3392-TZ-07-18_jpeg.rf.64fa26582be7c4dcb99fc8fc51893277.jpg,200,200,license-plat,1,2,199,192
319-E-3547-RR-06-12_jpg.rf.64331768fef9e2b772c4982bc7af751e.jpg,200,200,license-plat,0,0,200,200
313-E-5971-TO-08-22_jpg.rf.62baf2e7468bdabb6eb2bca684105ec8.jpg,200,200,license-plat,0,0,200,200
license-28-_jpg.rf.6529ef01394f1c77900024102058e5b4.jpg,200,200,license-plat,28,89,174,154
25-E-2101-PAD-06-21_jpeg.rf.668c04e99dddf222358b4cc71cd3a469.jpg,200,200,license-plat,1,0,200,200
license-19-_jpg.rf.66d48df0b2082baa5c9e8d71b712ae32.jpg,200,200,license-plat,3,8,187,189
15-E-3088-PAK-02-22_jpg.rf.67bcfe393e937b55fb873015fe3555a5.jpg,200,200,license-plat,2,1,198,199
51-E-3083-PAH-10-21_jpeg.rf.67c02795811fa9c44a754a426d95bf37.jpg,200,200,license-plat,0,0,200,200
250-E-6031-ST-03-21_jpeg.rf.635863eed552250bcf706f862c71ed75.jpg,200,200,license-plat,0,0,200,200
173-E-4019-TL-05-22_jpg.rf.690468e23548f59f08c74f5216c51e84.jpg,200,200,license-plat,0,0,200,200

20171211_160434_jpg.rf.68672620e3641d5f9617b8ce32e6d38e.jpg,200,200,license-plat,1,0,198,197
311-E-3593-TF-10-19_jpg.rf.68de1dc98c82d5c9bbf34d809d186e46.jpg,200,200,license-plat,0,0,200,199
311-E-3593-TF-10-19_jpg.rf.68de1dc98c82d5c9bbf34d809d186e46.jpg,200,200,license-plat,0,0,199,196
license-50-_jpg.rf.67d45012f041e2e59c15f1eb4d9cca71.jpg,200,200,license-plat,48,66,142,136
20171212_142336_jpg.rf.6848c44e5f854147d982ae231ef93908.jpg,200,200,license-plat,0,1,200,200
230-E-3203-TR-11-17_jpg.rf.668eca2862d0e41ce3363af18afe9a56.jpg,200,200,license-plat,1,0,200,200
125-E-4172-QB-11-22_jpeg.rf.699bac0dda2c0b30eb0df3b28e07508a.jpg,200,200,license-plat,2,0,200,200
139-E-5515-QG-04-19_jpg.rf.69f1abb71c07d7a1d96b41f9af10c98a.jpg,200,200,license-plat,4,3,193,199
IMG-20180108-WA0043_jpg.rf.6b0a0314a9f9f4d920bc50ee84efbe92.jpg,200,200,license-plat,86,125,124,152
177-E-2380-SA-09-18_jpg.rf.69189a19958135d373256093b124d1b5.jpg,200,200,license-plat,7,17,195,191
IMG-20180108-WA0022_jpg.rf.6831b9590ef6574e8c42a121fb71e92a.jpg,200,200,license-plat,115,115,138,134
112-E-5718-OT-06-20_jpg.rf.6ae50c564818f581fbedec67bf88352c.jpg,200,200,license-plat,0,0,200,191
IMG-20180108-WA0071_jpg.rf.6c2d4307f79987bf95bf3ed5e6586771.jpg,200,200,license-plat,96,74,119,98
IMG-20180108-WA0070_jpg.rf.6a5667d600acc382f9c42b86c0507641.jpg,200,200,license-plat,81,31,86,70
license-15-_jpg.rf.6a7335e54b8467b80c0dc6c48c3df43d.jpg,200,200,license-plat,45,83,147,132
234-E-3904-P-03-16_jpg.rf.6f898fa54da21e72d8b1b9cfdf205cdd.jpg,200,200,license-plat,2,4,200,200
IMG-20180108-WA0103_jpg.rf.6e25e30d240bc64b2558ca25cd6e2a67.jpg,200,200,license-plat,60,173,94,200
61-E-6472-SB-11-18_jpeg.rf.6f5c6c1a53e931b001f523303afe180d.jpg,200,200,license-plat,0,0,199,197
license-18-_jpg.rf.6cf06af5612ff7dba93ab4dc8bdc3e50.jpg,200,200,license-plat,25,35,168,108
172-E-6526-QX-11-20_jpg.rf.713fe0f8cc6fe961233aab5d40007371.jpg,200,200,license-plat,1,0,200,196
IMG-20180108-WA0110_jpg.rf.71c43142cb8cb643e1b7f30bffadf0fc.jpg,200,200,license-plat,97,112,107,121
IMG-20180108-WA0050_jpg.rf.72130cb1554bfef0374f4caec46f5692.jpg,200,200,license-plat,18,109,43,130
IMG-20180108-WA0115_jpg.rf.72c120cd510a2368619405717f1569ff.jpg,200,200,license-plat,51,125,68,141
IMG-20180108-WA0115_jpg.rf.72c120cd510a2368619405717f1569ff.jpg,200,200,license-plat,134,132,152,149
IMG-20180108-WA0060_jpg.rf.732a6c3a1c6e8a8b25f1ed4c374de303.jpg,200,200,license-plat,61,97,90,121
IMG-20180108-WA0094_jpg.rf.71f8af0ef5455fe1abc57e1d267ca389.jpg,200,200,license-plat,30,94,47,108
IMG-20180108-WA0094_jpg.rf.71f8af0ef5455fe1abc57e1d267ca389.jpg,200,200,license-plat,160,98,182,112
IMG_20230519_082653_jpg.rf.700f8352eb85fe241ba7caab6d9f8cb1.jpg,200,200,license-plat,87,80,137,96
55-E-6214-PAO-09-22_jpg.rf.777a108678ea2f5864cdb8adaafdb58e.jpg,200,200,license-plat,0,0,200,200
169-E-2637-WM-02-21_jpg.rf.7a4c88552c526d0d59ea0f71c76b2031.jpg,200,200,license-plat,2,3,199,195
143-E-5279-SD-12-21_jpg.rf.71e826dd5777d034a71fe61af39f02a1.jpg,200,200,license-plat,1,0,200,200
IMG-20180108-WA0025_jpg.rf.6eeec8ec29671760b22971c52d3d11f4.jpg,200,200,license-plat,67,120,100,145
IMG-20180108-WA0030_jpg.rf.7af5d8dc03054d0bff974a9dbf8a5b2a.jpg,200,200,license-plat,84,87,133,101
IMG-20180108-WA0048_jpg.rf.7a702ddc891c11c7f67eb71f049b0bf2.jpg,200,200,license-plat,101,121,113,134
301-E-6893-PAD-06-21_jpeg.rf.7f04ad6d8546fe8f88491993f7c6dac8.jpg,200,200,license-plat,0,0,200,200
113-E-2283-RG-10-10_jpg.rf.75da8dea53f01a12ece176bc085258cb.jpg,200,200,license-plat,0,0,200,197
300-E-5105-OD-12-21_jpg.rf.75b8c1216f1b167e2fc90d93f2e821b9.jpg,200,200,license-plat,0,0,199,200
-84-_jpeg.rf.7ebd08426ade955b5b6643a07289d118.jpg,200,200,1,85,34,96,106
-84-_jpeg.rf.7ebd08426ade955b5b6643a07289d118.jpg,200,200,I,173,35,189,115
135-E-4721-SJ-11-20_jpeg.rf.7a8e4f1d88edbf6105bb229e0630cefb.jpg,200,200,license-plat,3,2,196,200
license-53-_jpg.rf.8203f8bf655f22766c0d3e6ce54b0b19.jpg,200,200,license-plat,32,37,200,190
201-E-5090-PAO-07-22_jpg.rf.8381aebd858d04d2cc1e289f082cb8cd.jpg,200,200,license-plat,5,4,199,200
license-45-_jpg.rf.81d246bdb5d6f44047855668b66d8055.jpg,200,200,license-plat,41,51,155,134
267-E-2747-TS-12-17_jpg.rf.7c28e6c58c6a363728a6d4138dcd677d.jpg,200,200,license-plat,0,0,200,200
IMG-20180108-WA0082_jpg.rf.858ac8c77dd914b62d72ab093c107d03.jpg,200,200,license-plat,92,113,130,138
IMG-20180108-WA0038_jpg.rf.7f83ac7e45f1c5eb070ce64868e88fa8.jpg,200,200,license-plat,142,129,172,156
IMG_20230519_082907_jpg.rf.85222fdb3d74fe25c782756fdd579dce.jpg,200,200,license-plat,90,75,147,88
20171212_124357_jpg.rf.88d53e7caf373da9cf595fc1e7878fbf.jpg,200,200,license-plat,0,0,200,200
license-8-_jpg.rf.89ada8bfe2d20faebd3708c06625f304.jpg,200,200,license-plat,45,46,182,125
64-E-5561-OI-06-19_jpg.rf.885e652ea51492dd86841ef37fe97f97.jpg,200,200,license-plat,0,0,200,200
274-E-4558-SH-08-18_jpeg.rf.89ecd3e2b82cc7ae95270c91e9d49229.jpg,200,200,license-plat,0,0,200,200
20-E-4221-RL-04-19_jpg.rf.8a0f095a74d452bde3f6204cfe64faf1.jpg,200,200,license-plat,0,0,200,200
241-E-4510-PL-03-20_jpeg.rf.853420d7b65318ac1342b5fed2c47528.jpg,200,200,license-plat,1,0,200,198
16-E-3598-PAD-09-21_jpg.rf.88cdc4e9b45d37a3e75357f5a722d866.jpg,200,200,license-plat,11,18,187,172
IMG-20180108-WA0052_jpg.rf.896ee87de188051335a6a735d619adfc.jpg,200,200,license-plat,72,75,95,103
IMG-20180108-WA0052_jpg.rf.896ee87de188051335a6a735d619adfc.jpg,200,200,license-plat,161,57,182,79
IMG-20180108-WA0052_jpg.rf.896ee87de188051335a6a735d619adfc.jpg,200,200,license-plat,23,62,41,86
-58-_jpeg.rf.8b7aeede1ba0d5008665eac1e7b4a414.jpg,200,200,1,84,22,97,106
191-E-3690-ZV-02-20_jpg.rf.8b1cc5130f42dea42e1c61b6a95ad1fd.jpg,200,200,license-plat,0,0,200,200
214-E-2086-RI-01-21_jpeg.rf.870a6fc9cc173242ed3e767af581a3ad.jpg,200,200,license-plat,0,0,200,200
291-E-3496-RW-04-19_jpeg.rf.8eee9df330a2e1151ab1864a020d7ac3.jpg,200,200,license-plat,1,0,200,200
license-38-_jpg.rf.8ac1306f6d87e72912d0495417d471fd.jpg,200,200,license-plat,91,73,129,96
30-E-5032-QD-12-18_jpeg.rf.8e8c95985dd244ad38a97e69cdcb60be.jpg,200,200,license-plat,0,0,200,200
IMG-20180108-WA0111_jpg.rf.8a26598e1addc2ebfa40baff27c3f0c9.jpg,200,200,license-plat,64,126,79,140
278-E-4568-TCK-12-17_jpeg.rf.91a5db581c6e3118d3df66c5c13655a3.jpg,200,200,license-plat,0,0,200,200
115-E-5305-SM-06-20_jpeg.rf.90aaa53e414a25e840530fd5c44a57c3.jpg,200,200,license-plat,1,0,199,199
IMG-20180108-WA0117_jpg.rf.9296c645d096753e339bbfe737068c44.jpg,200,200,license-plat,103,112,128,136
IMG-20180108-WA0117_jpg.rf.9296c645d096753e339bbfe737068c44.jpg,200,200,license-plat,151,110,176,130
license-43-_jpg.rf.906c4a429c366b6c3336baa9e5632cea.jpg,200,200,license-plat,42,76,135,149
242-E-6733-TN-07-20_jpeg.rf.944494f962ce65a5643beb46281a06e9.jpg,200,200,license-plat,0,0,200,200
20171212_073548_jpg.rf.8faca9ae10001a51caee84622ad67a8c.jpg,200,200,license-plat,0,1,200,200
253-E-2212-TZ-07-18_jpeg.rf.84b5a7cd4e810c70b268bd55e8815c30.jpg,200,200,license-plat,0,1,200,200
218-E-2715-SE-04-19_jpeg.rf.988be4aa13ce605dbbc2f76b8f55090a.jpg,200,200,license-plat,0,1,200,200
IMG-20180108-WA0099_jpg.rf.98c95de98c73e6cbdf7d0b394667009b.jpg,200,200,license-plat,98,98,127,121
150-E-6686-PAI-01-22_jpg.rf.930617a293434ace64e1026fb9643384.jpg,200,200,license-plat,1,1,200,198
license-32-_jpg.rf.944fe4c6d869d1616220d0c2dbd57f18.jpg,200,200,license-plat,62,125,101,144
252-E-2113-PAG-09-21_jpeg.rf.99b65419059c0045aefc831f58e7546f.jpg,200,200,license-plat,0,2,200,200
123-E-4603-PAE-07-21_jpeg.rf.97038b33f8e42c2f0c3b0c9f73b50bfa.jpg,200,200,license-plat,4,9,195,179
license-36-_jpg.rf.8d00e26b1e50ea8e9ca32eda29d52e35.jpg,200,200,license-plat,35,98,189,177

46-E-4531-TV-04-18_jpeg.rf.98ae4a8136a7422f84d1a16a6e7ceba1.jpg,200,200,license-plat,0,0,200,200
254-E-4739-TA-01-14_jpeg.rf.9da4c419e1db95efbd591b6c2962db75.jpg,200,200,license-plat,0,0,200,200
9-E-2633-RO-11-16_jpg.rf.9c54aa591732be84a64e4763f698e319.jpg,200,200,license-plat,0,0,199,199

100-E-6467-QW-09-20_jpeg.rf.9a7a20d7580476fdeb00fe229f6137c6.jpg,200,200,license-plat,0,3,200,200
IMG_20230519_082957_jpg.rf.9a93315cd8cc417244116de0f5eb59c7.jpg,200,200,license-plat,59,80,104,89
80-E-5142-TW-05-18_jpeg.rf.9b89430d3b671cdba62502e009f5fa8a.jpg,200,200,license-plat,0,0,200,200
20171214_121636_jpg.rf.9ce97f587e2e35f97a62c1b54d2d7d23.jpg,200,200,license-plat,0,0,200,199
-30-_jpeg.rf.9e7a83fbbf031ec0a4f21946cb3ae029.jpg,200,200,1,70,25,84,101
279-E-3405-S-11-20_jpg.rf.99d3086cf9044a7ab56b94dfd88d10b9.jpg,200,200,license-plat,0,0,200,200
249-E-3507-TS-12-17_jpeg.rf.9e9b6e9e291996f005c95e28b10b06cf.jpg,200,200,license-plat,0,0,200,200
352-E-5053-RG-09-20_jpeg.rf.9fc3f26d7b3c87d06ccaa78f79bb5a5e.jpg,200,200,license-plat,0,0,200,200


287-E-6272-PAJ-02-22_jpeg.rf.ac30dba36946732353d5ea2792491284.jpg,200,200,license-plat,0,0,200,200
license-4-_jpeg.rf.ab9eeba5bd0e5a0a2acc763fa8babd23.jpg,200,200,license-plat,133,105,161,130
license-20-_jpg.rf.aa884f1432486e758c4fb02b9b4b5304.jpg,200,200,license-plat,37,77,145,123
17-E-4172-QC-11-18_jpg.rf.a05d2c34954e8c9bea6ea8127bab8318.jpg,200,200,license-plat,0,0,200,196
54-E-5627-SF-06-19_jpg.rf.a4c6566f8a22660ef9e4ef158a04b6b4.jpg,200,200,license-plat,0,0,200,198
IMG-20180108-WA0035_jpg.rf.abb943a67d734a38570f9358a06ad295.jpg,200,200,license-plat,147,115,169,131
262-E-3465-SL-02-20_jpg.rf.a7d94c968e97422fd2b13bc84abbee69.jpg,200,200,license-plat,0,0,199,200
314-E-3016-SB-10-18_jpeg.rf.a59301639fb922a662faa1f3f9e7ee58.jpg,200,200,license-plat,0,0,200,199
119-E-4538-QK-08-19_jpeg.rf.aeb9731148de13156ec077051a8a8854.jpg,200,200,license-plat,1,1,200,197
20171212_142342_jpg.rf.aa64511d7858ab7becfa3180b23a3d00.jpg,200,200,license-plat,0,0,200,200
133-E-6586-PAM-06-22_jpeg.rf.ac9847e7cd2c6a566b5d7f2b8c4a478d.jpg,200,200,license-plat,2,1,197,198
212-E-3817-PAH-11-21_jpeg.rf.a684999a049c389c40b52de5c186aa93.jpg,200,200,license-plat,0,0,199,200
IMG-20180108-WA0089_jpg.rf.a95f7904e8764d986eb57df3f1d240b9.jpg,200,200,license-plat,54,85,77,117
license-3-_jpg.rf.acd63f29d60182fed59e6343c91937da.jpg,200,200,license-plat,12,28,189,101
359-E-6270-OZ-01-21_jpg.rf.a7fb3abfffd8ef28f56c0488294b8826.jpg,200,200,license-plat,0,0,200,197
IMG-20180108-WA0039_jpg.rf.a569d606a5bcf993d8f4030b6470bd55.jpg,200,200,license-plat,151,106,186,132
20171211_122519_jpg.rf.a0ced379df74313b85af2033c7288f0b.jpg,200,200,license-plat,0,12,200,200
39-E-6716-QR-04-20_jpeg.rf.a8ae19f913f567ca5eb933c24ef2c253.jpg,200,200,license-plat,0,0,200,200
65-E-4235-PAL-04-22_jpeg.rf.ac7c71e9f210fc5ded1d3f339a06ed73.jpg,200,200,license-plat,0,0,200,198
IMG_20230519_083004_jpg.rf.af3e74714b5a35d8d7ae3ed893de2040.jpg,200,200,license-plat,72,72,131,82
87-E-6673-ZQ-04-18_jpg.rf.a7395d723f7f85131e74ab04527f5834.jpg,200,200,license-plat,0,1,199,200
license-2-_jpg.rf.a60315daf5b69873b8eaab309b0843db.jpg,200,200,license-plat,72,151,134,183

IMG-20180108-WA0075_jpg.rf.b1511993ba3e407dc14f7af4455d35f5.jpg,200,200,license-plat,73,102,99,126
license-51-_jpg.rf.af497ebd762b313e831699b80a003399.jpg,200,200,license-plat,25,43,165,155
182-E-3996-RS-08-17_jpeg.rf.a9febb0a78928434e7ed198cf90fc1ee.jpg,200,200,license-plat,0,1,200,199
20171212_073415_jpg.rf.af4b8e7ecc62db41acad41473157e9fc.jpg,200,200,license-plat,0,9,200,177
28-E-2393-TT-01-18_jpeg.rf.b354fd68eec1243ad6fc4307817748af.jpg,200,200,license-plat,0,0,200,200
95-E-6686-SK-01-20_jpeg.rf.b32a3bc19100be5b23efa746131f85b5.jpg,200,200,license-plat,0,0,200,200
IMG-20180108-WA0057_jpg.rf.b3f0b679bedd6a86c2d82321de277e3a.jpg,200,200,license-plat,150,87,170,109
IMG-20180108-WA0057_jpg.rf.b3f0b679bedd6a86c2d82321de277e3a.jpg,200,200,license-plat,84,81,105,103
325-E-2634-QG-03-19_jpeg.rf.b564f291aa353f6ba0f5fadc1d1c9ae2.jpg,200,200,license-plat,0,0,200,200
IMG-20180108-WA0080_jpg.rf.b39a2410966a0e44e5698cb28dc828f8.jpg,200,200,license-plat,92,94,113,113
99-E-2984-TW-04-18_jpg.rf.b3e477c0bc7a01b5bd3e101c4816e3ca.jpg,200,200,license-plat,0,0,199,199
91-E-6554-ZL-05-22_jpg.rf.b573e34a90fa4ec9b80b37fad9fc18cd.jpg,200,200,license-plat,0,0,199,197
85-E-2686-QH-04-19_jpeg.rf.b7c710ebb2d16825f193a27170af544f.jpg,200,200,license-plat,0,0,200,200
IMG-20180108-WA0040_jpg.rf.b58330dde4279524f7ed1d5c4cf22fb9.jpg,200,200,license-plat,133,70,157,96
220-E-3246-OP-12-19_jpg.rf.b820a9df7bf4629b4efe4306976dfafe.jpg,200,200,license-plat,1,0,199,200
361-E-3193-PS-08-17_jpeg.rf.b674a58dbb77baa2178d18d0492e43ed.jpg,200,200,license-plat,0,0,200,200
IMG_20230519_082836_jpg.rf.b879a448afc4da561e6288fc2acf3b7f.jpg,200,200,license-plat,28,65,94,94
IMG-20180108-WA0061_jpg.rf.b9127e6d223040aa43b345eaf16a1cc5.jpg,200,200,license-plat,108,104,127,119
336-E-2909-TP-12-21_jpeg.rf.b7cf25159c307a6516cf3eea83522b46.jpg,200,200,license-plat,0,0,200,200
IMG_20230519_082902_jpg.rf.b8bdbee213e679562563f0ca2af70c17.jpg,200,200,license-plat,62,71,114,85
49-E-5441-SA-11-19_jpeg.rf.b9250925aeab8dab29e547ac77161030.jpg,200,200,license-plat,0,0,200,200
159-E-5084-RY-08-21_jpg.rf.b9dbf61dd3cb42b141c3273714ef177e.jpg,200,200,license-plat,0,14,194,196
189-E-5182-QO-11-19_jpg.rf.b9ce2577748723abf830ad8851d2e44d.jpg,200,200,license-plat,0,0,200,199
-56-_jpeg.rf.bbded15f688138bce55794c8e18955e6.jpg,200,200,1,74,36,90,101
-56-_jpeg.rf.bbded15f688138bce55794c8e18955e6.jpg,200,200,O,178,80,194,136
IMG-20180108-WA0105_jpg.rf.bab78f9a189108dbcd2b3ac7843154a1.jpg,200,200,license-plat,106,105,119,116
190-E-5621-OV-08-20_jpg.rf.bc4df4a3bb662671628fbb58843de21a.jpg,200,200,license-plat,0,1,200,200
165-E-5555-SR-05-20_jpg.rf.bcb3a0a8f1ac9558624e04f933af0eab.jpg,200,200,license-plat,1,0,200,197
364-E-6528-P-11-18_jpeg.rf.b062c17f9b824a16068b176f9962fb9b.jpg,200,200,license-plat,0,0,200,198
license-54-_jpg.rf.beb437162261cd98e0ad0f999034fb76.jpg,200,200,license-plat,0,0,200,92
360-E-4690-PAL-04-22_jpg.rf.babf89c1da8dcef2f69cf60b862dd3aa.jpg,200,200,license-plat,0,0,200,200
192-E-6347-PAF-09-21_jpg.rf.c16ff05a41744af60f7b1c23bc5d32b7.jpg,200,200,license-plat,0,2,200,200
207-E-4396-RU-12-17_jpeg.rf.c1c7c34236adbf97cd5d057e41f4c53a.jpg,200,200,license-plat,0,0,200,200
20171212_100546_jpg.rf.bccfb81164ea8a44b0628a0f7dbf577f.jpg,200,200,license-plat,0,0,200,200
license-6-_jpg.rf.c2c0fc6ac7ac1b0450e7652a2ca3e48b.jpg,200,200,license-plat,14,70,192,155
330-E-5869-PAA-02-21_jpg.rf.c2dc6cf2a9e0ec8a84fc2b6b37f603a9.jpg,200,200,license-plat,0,0,200,200
license-35-_jpg.rf.c5fcf17d705577b98b26f708fc925849.jpg,200,200,license-plat,6,7,192,78
license-35-_jpg.rf.c5fcf17d705577b98b26f708fc925849.jpg,200,200,license-plat,5,111,191,177
IMG-20180108-WA0029_jpg.rf.c148120efd1d3b396d147ff29570a8ed.jpg,200,200,license-plat,50,87,75,117
IMG_20230519_083019_jpg.rf.c2580b111d90a5d3182d2433456830bd.jpg,200,200,license-plat,75,83,127,94
171-E-5605-QZ-12-20_jpeg.rf.c64f2388b4f5b8ea3f13431897360c89.jpg,200,200,license-plat,1,2,200,200
332-E-4876-Q-08-18_jpg.rf.c6bb9859402c5061c6ff6469feb66430.jpg,200,200,license-plat,0,0,200,200
license-39-_jpg.rf.c93f045a7edbccb0bed6417e09271919.jpg,200,200,license-plat,36,163,73,196
179-E-3934-PAI-12-21_jpg.rf.c70b0995e6938ddc8e4da4ecc8609a1e.jpg,200,200,license-plat,1,5,200,200
117-E-2251-TI-01-22_jpg.rf.c8d567a3cc6ac6258c66c0b094aa6f91.jpg,200,200,license-plat,0,4,200,198
license-17-_jpg.rf.c9e3332b3407c9d03ac9ea317095e262.jpg,200,200,license-plat,16,45,174,114
96-E-5942-TM-06-17_jpeg.rf.c9eb6a225c394196bb337cc90b4d55f0.jpg,200,200,license-plat,0,0,200,200
29-E-3978-SC-12-21_jpeg.rf.cd5e93d9999eac81d40ed93b6f5c5e9b.jpg,200,200,license-plat,1,0,200,200
license-44-_jpg.rf.c93f13977e51fd0957ebd0df87f37134.jpg,200,200,license-plat,48,93,109,128
IMG-20180108-WA0095_jpg.rf.cc853437b97b596d2cd6a2232ece22e8.jpg,200,200,license-plat,83,116,106,137
343-E-6894-SB-11-19_jpeg.rf.cd3d93be337089ce15523cd43e319edd.jpg,200,200,license-plat,0,0,200,200
286-E-5817-PT-04-18_jpeg.rf.ccc5cd38ca902e0d3b9613a5406ad2d9.jpg,200,200,license-plat,0,0,200,200
IMG-20180108-WA0083_jpg.rf.cfa6f62697a94c6bd6903da24947460f.jpg,200,200,license-plat,83,123,120,144
126-E-3453-TN-06-22_jpeg.rf.ce92c03548f45ea95b0030271838d683.jpg,200,200,license-plat,0,0,200,198
IMG-20180108-WA0096_jpg.rf.cde9095511d046aa9db0d58c819bde39.jpg,200,200,license-plat,94,113,125,133
127-E-6932-TW-05-18_jpg.rf.d167f142315e8f63ab62e6e9f6cdbf2f.jpg,200,200,license-plat,9,7,194,188
license-3-_jpeg.rf.d1d2abf4bec30dbf1b8809065c95a8cc.jpg,200,200,license-plat,64,161,139,186
236-E-536-YY-00-00_jpg.rf.d3dc855774da6620ac3716d7577ca31b.jpg,200,200,license-plat,2,0,200,200
181-E-3708-TU-06-15_jpeg.rf.ce8022ea9a8d85dbad783d66dd79cdf2.jpg,200,200,license-plat,0,0,200,200
153-E-6930-RS-09-12_jpeg.rf.d298280bf822e6d1ce3402f4e91d492b.jpg,200,200,license-plat,1,1,199,198
IMG_20230519_082830_jpg.rf.d399f2cc8fec3f8da747b6508f83bfc6.jpg,200,200,license-plat,93,46,114,53
69-E-5792-TT-01-22_jpg.rf.d5404fabd49b2969e6106b08eb46cd01.jpg,200,200,license-plat,0,0,200,198
IMG-20180108-WA0074_jpg.rf.d6444d11664772b3e4277abd2c52e296.jpg,200,200,license-plat,107,116,124,130
282-E-5519-PAK-03-22_jpg.rf.d5c50736eb852d3f4b60888cad221851.jpg,200,200,license-plat,0,1,200,200
license-23-_jpg.rf.d6f51d70f7d377f461dffd75860d4f6e.jpg,200,200,license-plat,50,21,170,172
20171212_124449_jpg.rf.d2593790f4dc2f0c104f3a14dcf3d78c.jpg,200,200,license-plat,1,0,200,200
11-E-6562-QO-12-19_jpeg.rf.d8bae06b3429dce498e2c75cb2b7b083.jpg,200,200,license-plat,0,6,200,191
44-E-5197-PAA-02-21_jpg.rf.d607357572484a7275a0a846e29a7a1b.jpg,200,200,license-plat,0,0,200,200
20171212_073435_jpg.rf.db9e2392ebaa4707fefc6e0ed23cb26d.jpg,200,200,license-plat,1,2,200,189
142-E-3229-SQ-11-18_jpeg.rf.d735dd2f28f2626d8222be03c95ace75.jpg,200,200,license-plat,1,0,200,198
270-E-2891-TT-01-18_jpg.rf.dc5946c20c79bebfbc238071e8718f0e.jpg,200,200,license-plat,0,0,200,200
174-E-2091-SD-01-14_jpeg.rf.dd4afce32b97ddbbc2bd9f4413039333.jpg,200,200,license-plat,0,0,200,200
3-E-4537-TCK-12-17_jpg.rf.d2dea6b811b0507b5a53e37203a5c884.jpg,200,200,license-plat,1,0,195,196
-69-_jpeg.rf.d7a8312567fbccf9fc521666155b2529.jpg,200,200,1,111,25,124,111
license-26-_jpg.rf.dd99fc85235274947c5bc4363ca7f0d9.jpg,200,200,license-plat,115,151,157,176
IMG-20180108-WA0046_jpg.rf.df35d8b12d2849790fe4b00b7416c83e.jpg,200,200,license-plat,40,90,73,117
68-E-1267-RB-01-21_jpg.rf.df29590f08794d9a8d0b05cc2cda6640.jpg,200,200,license-plat,0,0,200,200
178-E-5430-SL-02-20_jpg.rf.d84de14b177f922debefb0956fc711e4.jpg,200,200,license-plat,3,9,200,198
IMG-20180108-WA0066_jpg.rf.dcebcae583f371e54d1b90fc7055497a.jpg,200,200,license-plat,97,88,112,104
280-E-4813-PL-04-20_jpeg.rf.dc426b6a19e5e1c711f54c736e06d214.jpg,200,200,license-plat,0,0,200,200
256-E-4572-SS-01-16_jpeg.rf.e112f7059efbb45f6a4f6d69fb28164b.jpg,200,200,license-plat,0,0,200,200
217-E-4992-SW-06-15_jpg.rf.e1ce41841cd206dc04d2caa4c64da70b.jpg,200,200,license-plat,0,0,200,200
248-E-4212-SS-01-21_jpeg.rf.dbe7fe0c03b5da37539465cf44db8bda.jpg,200,200,license-plat,0,0,200,200
license-9-_jpg.rf.daaf9f6e2ec66c42e2def3afae89a89b.jpg,200,200,license-plat,14,32,190,175
121-E-4112-RJ-04-18_jpeg.rf.e282ce6555952b412222f92d09945955.jpg,200,200,license-plat,4,2,195,196
104-E-4939-PAE-07-21_jpeg.rf.e5d6a1ad4c3fd30c735a2f30936488ba.jpg,200,200,license-plat,0,1,200,200

163-E-6804-RV-02-19_jpeg.rf.e1d46eb380339b2b609ddd598ec4de4c.jpg,200,200,license-plat,1,2,200,200
210-E-3166-PAO-06-22_jpeg.rf.e20fbf0ba37998ace2965f056313c729.jpg,200,200,license-plat,0,0,200,200
209-E-5246-PAF-08-21_jpeg.rf.e15cc2db5de97e5f49f619c7a9754acf.jpg,200,200,license-plat,0,1,200,200
IMG-20180108-WA0093_jpg.rf.dfa16e8b7e721225703985679d31504d.jpg,200,200,license-plat,77,102,121,114
221-E-3683-RN-10-21_jpg.rf.e608cf82d90c3ca88320a98b23c175a4.jpg,200,200,license-plat,8,1,200,200
IMG-20180108-WA0051_jpg.rf.e61b1b5f3a8e87db2df44ca9625f818a.jpg,200,200,license-plat,137,124,171,155
302-E-3922-OI-05-19_jpg.rf.e66103ad72ed2294889fd3eaafb4b645.jpg,200,200,license-plat,0,0,200,200
233-E-3407-PAB-03-21_jpg.rf.e0375a45a4078708c20692838922a1dd.jpg,200,200,license-plat,1,2,200,196
94-E-2118-ST-01-21_jpeg.rf.e9ebd04ef6d879c774684232926ae7cc.jpg,200,200,license-plat,0,0,200,200
237-E-3243-QN-12-17_jpeg.rf.e6f213676e24c3b9e4f0cc654c4bc213.jpg,200,200,license-plat,0,1,199,200
168-E-4092-PAE-07-21_jpeg.rf.e81317ab00ec3d41aef3f648698523dc.jpg,200,200,license-plat,1,2,200,195
-72-_jpeg.rf.eac95972bf4f4267b7910208d4e667c6.jpg,200,200,C,174,29,193,116
-66-_jpg.rf.e75fa0c0164b058e071e8c16f4ac1255.jpg,200,200,D,171,28,190,110
295-E-6919-TM-06-17_jpg.rf.ea8251b36e1457c0ccae48eca5f606a7.jpg,200,200,license-plat,1,0,199,199
295-E-6919-TM-06-17_jpg.rf.ea8251b36e1457c0ccae48eca5f606a7.jpg,200,200,license-plat,0,0,200,198
20171212_124415_jpg.rf.ec8d94a3ebaa08866cc8d4cab1ca9a69.jpg,200,200,license-plat,0,0,200,200
146-E-3485-SZ-09-10_jpeg.rf.ecab963d935381ed2c602f8a78c90d0c.jpg,200,200,license-plat,1,0,192,200
86-E-5202-TA-03-19_jpg.rf.ecb2074cf5fe9f657d845ad8e808e671.jpg,200,200,license-plat,0,0,200,200
19-E-6179-SH-09-14_jpeg.rf.eb25cc649a4dae022c87b52fb2cd3c4a.jpg,200,200,license-plat,0,0,200,200
235-E-1893-PQ-01-19_jpg.rf.f0878061af18928e496742e718ea7213.jpg,200,200,license-plat,0,0,200,198
109-E-4026-SL-02-20_jpg.rf.eadb54aaf391d45e304aebf7b067a334.jpg,200,200,license-plat,5,17,195,183
72-E-4903-TR-11-22_jpg.rf.ed2455c0debccf70c787f238612b07fc.jpg,200,200,license-plat,0,0,200,199
122-E-3206-PAO-06-22_jpeg.rf.ecc24c4f0ff7005bbd508351ba2b986a.jpg,200,200,license-plat,1,2,200,198
292-E-4890-QE-01-19_jpeg.rf.f247108c47552e1b1fb386ef8a0d62ea.jpg,200,200,license-plat,0,0,200,200
170-E-3913-QS-04-20_jpeg.rf.f1a2ab2741d2b4cb00db9262c0087d7e.jpg,200,200,license-plat,2,2,200,196
IMG-20180108-WA0041_jpg.rf.eaf7e281644d5b8c6f73c2516beac2a3.jpg,200,200,license-plat,158,96,177,116
353-E-6270-SM-06-20_jpeg.rf.f1767042f02bc0ec773ced45fc371eb3.jpg,200,200,license-plat,0,0,199,197
71-E-2478-QK-07-19_jpeg.rf.f17c88322c5aa95036ece63d76cda27e.jpg,200,200,license-plat,0,0,200,200
78-E-1245-RG-02-20_jpg.rf.f157882bb38d3f980c51565b4607788e.jpg,200,200,license-plat,0,0,200,196
IMG-20180108-WA0064_jpg.rf.ed41e8f7165d3575b28acc06a13a7fd8.jpg,200,200,license-plat,124,115,142,134
219-E-6312-SW-07-21_jpeg.rf.f3dd252ceaeff3629276409b158d5cf2.jpg,200,200,license-plat,0,0,200,200
81-E-3115-SN-06-20_jpg.rf.f2e8fc609c248a3a39e5a406a7157cb5.jpg,200,200,license-plat,0,0,199,198
269-E-2101-TJ-02-22_jpg.rf.f42b551fef09ddd89bea61415ce6c635.jpg,200,200,license-plat,0,0,200,200
246-E-5905-QO-12-19_jpeg.rf.f40e1217011dacef8fbebcaeaf0ec38f.jpg,200,200,license-plat,0,0,200,200
90-E-5811-RO-10-18_jpeg.rf.f6f96d3e234f5af72a3605dfc6e4f2a8.jpg,200,200,license-plat,1,1,200,200
license-1-_jpg.rf.f7bc2a05b237deb490b2a377d75e3020.jpg,200,200,license-plat,48,128,149,170
316-E-4895-OL-09-19_jpeg.rf.f7d1760f6b9f5b89ae3b35ce748b3a9e.jpg,200,200,license-plat,0,0,200,197
IMG-20180108-WA0063_jpg.rf.f40d7a8ee165103152c9a9f74604dd02.jpg,200,200,license-plat,92,122,118,141
27-E-3524-PAG-09-21_jpeg.rf.fa9ec4be55e290c2b2e31c0e1043f11d.jpg,200,200,license-plat,0,1,200,200
317-E-5064-SE-05-19_jpeg.rf.f85972290f8860e779ab0a4f3b5f0694.jpg,200,200,license-plat,0,0,200,200
50-E-6691-PAB-04-21_jpg.rf.fcc03ea4abb68abe11cc66ec04c4b740.jpg,200,200,license-plat,0,0,199,197
50-E-6691-PAB-04-21_jpg.rf.fcc03ea4abb68abe11cc66ec04c4b740.jpg,200,200,license-plat,0,0,200,198
7-E-4594-Q-08-18_jpeg.rf.fbf62ed2ae2eb03fa0ce6a08307297a8.jpg,200,200,license-plat,0,0,200,200
120-E-6464-TI-05-18_jpg.rf.fc83c6ec97ed981086fa7cfe5de7fc4a.jpg,200,200,license-plat,7,28,192,196
128-E-4877-SV-05-21_jpg.rf.fd9027b894e474bb57e29dbe8e8b8cc5.jpg,200,200,license-plat,1,12,189,197
263-E-6631-TO-08-21_jpg.rf.f499e591bed03826ad7481a1818813ce.jpg,200,200,license-plat,1,1,200,200
20171211_110634_jpg.rf.ff8ea007b092df1088a80c249d76bc63.jpg,200,200,license-plat,1,15,200,199
IMG_20230519_082705_jpg.rf.fe3f03dd1c8c902c1d404972754fba0e.jpg,200,200,license-plat,80,94,142,108
339-E-4966-SN-07-20_jpg.rf.ff30314320ed34690cc56fc0d4189333.jpg,200,200,license-plat,0,0,200,196